,gene
0,AARSD1
1,AATBC
2,ABCA13
3,ABCA2
4,ABCB1
5,ABCB9
6,ABCC1
7,ABCC3
8,ABCC4
9,ABHD15
10,ABHD17A
11,ABLIM1
12,ABLIM3
13,ABTB1
14,ACAP1
15,ACD
16,ACRBP
17,ACSL1
18,ACSM3
19,ACTB
20,ACTG1
21,ACTN1
22,ACTR2
23,ACVR2A
24,ACY1
25,ACY3
26,ADAM15
27,ADAM19
28,ADAM28
29,ADAM33
30,ADAMTS10
31,ADCY4
32,ADGRA3
33,ADGRE1
34,ADGRE2
35,ADGRE3
36,ADGRE5
37,ADGRG1
38,ADGRG3
39,ADGRG5
40,ADGRG6
41,ADK
42,ADM
43,ADPRS
44,ADSS2
45,AEBP1
46,AFF2
47,AFF3
48,AGFG1
49,AHI1
50,AHNAK
51,AHR
52,AIF1
53,AJAP1
54,AJM1
55,AKAP12
56,AKR1C3
57,AKT1S1
58,ALCAM
59,ALDH1A1
60,ALDH1A2
61,ALDH2
62,ALDH3B1
63,ALOX12
64,ALOX15
65,ALOX5
66,ALOX5AP
67,ALPK1
68,ALPL
69,ALS2
70,AMMECR1L
71,AMOTL1
72,AMPD2
73,AMPD3
74,ANGPT1
75,ANK3
76,ANKMY2
77,ANKRD18A
78,ANKRD22
79,ANKRD28
80,ANKRD33B
81,ANKRD36BP2
82,ANKRD39
83,ANKRD49
84,ANO6
85,ANP32E
86,ANPEP
87,ANXA1
88,ANXA2
89,ANXA2R-AS1
90,ANXA3
91,ANXA5
92,ANXA6
93,AP1S2
94,AP2S1
95,AP5B1
96,APBB1
97,APLP2
98,APMAP
99,APOBEC3A
100,APOBEC3G
101,APOBR
102,APOC1
103,APOO
104,APP
105,AQP10
106,AQP3
107,AQP9
108,AR
109,ARAP1
110,ARFGEF1
111,ARG1
112,ARHGAP18
113,ARHGAP21
114,ARHGAP22
115,ARHGAP24
116,ARHGAP30
117,ARHGAP31
118,ARHGAP35
119,ARHGAP4
120,ARHGAP6
121,ARHGAP9
122,ARHGDIB
123,ARHGEF10L
124,ARHGEF12
125,ARHGEF17
126,ARHGEF3
127,ARHGEF40
128,ARL14EP
129,ARL4C
130,ARL6IP1
131,ARL6IP6
132,ARMH1
133,ARPC2
134,ARPC5L
135,ARPIN
136,ARRB2
137,ASAH1
138,ASAP2
139,ASGR1
140,ASGR2
141,ASIP
142,ASPM
143,ASRGL1
144,ATAD2
145,ATF3
146,ATF7IP2
147,ATG16L2
148,ATG4D
149,ATM
150,ATP10D
151,ATP1A2
152,ATP1B1
153,ATP5MC2
154,ATP6V0A2
155,ATP6V0B
156,ATP8B2
157,ATP8B4
158,ATXN1
159,AURKB
160,AVP
161,AXL
162,AZU1
163,B2M
164,B3GAT1
165,B4GALNT3
166,B4GALT5
167,BAALC
168,BACE2
169,BACH2
170,BAG1
171,BAIAP3
172,BANK1
173,BASP1
174,BATF
175,BATF3
176,BCAT1
177,BCL11A
178,BCL11B
179,BCL2
180,BCL2A1
181,BCL2L15
182,BCL6
183,BCL7A
184,BCL9L
185,BEND2
186,BEND5
187,BEX3
188,BEX4
189,BHLHA15
190,BHLHE40
191,BIK
192,BIN1
193,BIN2
194,BIRC3
195,BIRC5
196,BLK
197,BLNK
198,BLVRB
199,BMP6
200,BMP8B
201,BMX
202,BOD1L1
203,BOLA3-DT
204,BORCS5
205,BPI
206,BRI3
207,BRIP1
208,BSPRY
209,BST1
210,BTBD3
211,BTG1
212,BTG2
213,BTK
214,BTLA
215,BTNL8
216,BUB1
217,C12orf29
218,C12orf57
219,C12orf75
220,C16orf74
221,C19orf33
222,C19orf38
223,C1QA
224,C1QTNF4
225,C1orf159
226,C1orf162
227,C1orf21
228,C1orf54
229,C20orf96
230,C21orf58
231,C2orf88
232,C3
233,C3AR1
234,C3orf80
235,C5AR1
236,C9orf43
237,CA2
238,CA4
239,CA8
240,CABP4
241,CABP5
242,CACNA2D3
243,CACNG6
244,CACNG8
245,CALCRL
246,CALD1
247,CALHM6
248,CALM1
249,CALML4
250,CALN1
251,CALR
252,CAMK1
253,CAMK1D
254,CAMK4
255,CAMKK2
256,CAMP
257,CAP1
258,CAPG
259,CAPN1-AS1
260,CAPN12
261,CAPN3
262,CARMIL2
263,CASC15
264,CASP3
265,CASP4LP
266,CAV2
267,CAVIN1
268,CAVIN2
269,CBFA2T3
270,CBLB
271,CBX2
272,CBX5
273,CCDC107
274,CCDC125
275,CCDC126
276,CCDC149
277,CCDC167
278,CCDC171
279,CCDC18-AS1
280,CCDC183
281,CCDC200
282,CCDC32
283,CCDC50
284,CCDC88A
285,CCDC92
286,CCL3
287,CCL3L3
288,CCL4
289,CCL4L2
290,CCL5
291,CCNA2
292,CCNB1
293,CCNB2
294,CCND2
295,CCNE2
296,CCR1
297,CCR2
298,CCR3
299,CCR5
300,CCR5AS
301,CCR6
302,CCR7
303,CCSER1
304,CD109
305,CD14
306,CD151
307,CD160
308,CD163
309,CD177
310,CD180
311,CD19
312,CD1C
313,CD1D
314,CD1E
315,CD2
316,CD200
317,CD200R1
318,CD22
319,CD226
320,CD24
321,CD244
322,CD247
323,CD27
324,CD28
325,CD2AP
326,CD300C
327,CD300E
328,CD300H
329,CD302
330,CD320
331,CD33
332,CD34
333,CD36
334,CD37
335,CD38
336,CD3D
337,CD3E
338,CD3G
339,CD4
340,CD40
341,CD40LG
342,CD44
343,CD48
344,CD5
345,CD52
346,CD59
347,CD6
348,CD68
349,CD69
350,CD7
351,CD72
352,CD74
353,CD79A
354,CD79B
355,CD81
356,CD84
357,CD86
358,CD8A
359,CD8B
360,CD9
361,CD93
362,CD96
363,CD99
364,CDA
365,CDC20
366,CDC25B
367,CDC42-AS1
368,CDC42BPA
369,CDC42EP1
370,CDC42EP3-AS1
371,CDC42EP4
372,CDC42SE1
373,CDC45
374,CDC6
375,CDCA5
376,CDCA7
377,CDCA7L
378,CDCA8
379,CDH1
380,CDH23
381,CDHR5
382,CDK1
383,CDK15
384,CDK2AP1
385,CDK2AP2
386,CDK6
387,CDK6-AS1
388,CDKN1A
389,CDKN1C
390,CDKN3
391,CDT1
392,CEACAM1
393,CEACAM3
394,CEACAM6
395,CEACAM8
396,CEBPA
397,CEBPB
398,CEBPD
399,CEBPE
400,CENPB
401,CENPE
402,CENPF
403,CENPM
404,CENPN
405,CENPU
406,CENPW
407,CEP128
408,CEP55
409,CEP78
410,CERK
411,CFD
412,CFL1
413,CFLAR
414,CFP
415,CHAF1A
416,CHCHD2
417,CHD6
418,CHEK1
419,CHI3L1
420,CHIT1
421,CHKA
422,CHMP4C
423,CHMP7
424,CHPF
425,CHPT1
426,CHRM3
427,CHRM3-AS2
428,CHST12
429,CHST2
430,CIB2
431,CIITA
432,CISD1
433,CISH
434,CIT
435,CITED4
436,CKAP2L
437,CKAP4
438,CKB
439,CKS1B
440,CLC
441,CLCN5
442,CLDN5
443,CLDND1
444,CLEC10A
445,CLEC11A
446,CLEC12A
447,CLEC17A
448,CLEC1B
449,CLEC2D
450,CLEC4C
451,CLEC4D
452,CLEC4E
453,CLEC4F
454,CLEC4OP
455,CLEC5A
456,CLEC7A
457,CLEC9A
458,CLIC2
459,CLIC3
460,CLIC4
461,CLINT1
462,CLIP2
463,CLMN
464,CLNK
465,CLPB
466,CLSPN
467,CLTCL1
468,CLU
469,CMBL
470,CMC1
471,CMKLR1
472,CMTM2
473,CMTM5
474,CNKSR3
475,CNN2
476,CNP
477,CNR2
478,CNRIP1
479,CNST
480,CNTNAP2
481,CNTNAP3
482,COBLL1
483,COL17A1
484,COL24A1
485,COL26A1
486,COL6A2
487,COL9A2
488,COLQ
489,CORO1A
490,CORO2A
491,CORO6
492,COTL1
493,COX8A
494,CPA3
495,CPED1
496,CPM
497,CPNE2
498,CPNE3
499,CPNE5
500,CPPED1
501,CPVL
502,CPXM1
503,CR1
504,CRACD
505,CRACR2B
506,CRAT
507,CREB3L4
508,CREB5
509,CREG1
510,CRELD2
511,CRHBP
512,CRIP1
513,CRIP2
514,CRIP3
515,CRISP3
516,CRMA
517,CRPPA
518,CRTAM
519,CRTAP
520,CRYGD
521,CRYM
522,CSF1
523,CSF1R
524,CSF2
525,CSF2RB
526,CSF3R
527,CST3
528,CST7
529,CSTA
530,CSTB
531,CTDSPL
532,CTLA4
533,CTNNAL1
534,CTNNBL1
535,CTSA
536,CTSB
537,CTSD
538,CTSG
539,CTSH
540,CTSL
541,CTSS
542,CTSW
543,CTSZ
544,CTTN
545,CTTNBP2NL
546,CUEDC1
547,CUX1
548,CUX2
549,CX3CR1
550,CXADR
551,CXCL16
552,CXCL5
553,CXCL8
554,CXCR1
555,CXCR2
556,CXCR3
557,CXCR4
558,CXCR5
559,CXCR6
560,CXXC5
561,CYB561
562,CYB561A3
563,CYBA
564,CYBB
565,CYFIP1
566,CYFIP2
567,CYP1B1
568,CYP2S1
569,CYP46A1
570,CYP4F22
571,CYP4F3
572,CYSTM1
573,CYTH3
574,CYTH4
575,CYTL1
576,CYYR1
577,DAAM1
578,DAB2
579,DACH1
580,DAPK1
581,DAZAP1
582,DAZAP2
583,DBI
584,DCAKD
585,DCBLD2
586,DCTN6
587,DDAH2
588,DDIT4
589,DDOST
590,DDX11L16
591,DDX11L16.1
592,DDX5
593,DEFA1
594,DEFA3
595,DEFA4
596,DENND2D
597,DENND3
598,DENND5B
599,DEPTOR
600,DERL3
601,DGAT2
602,DGKA
603,DGKG
604,DHRS11
605,DIPK1B
606,DLC1
607,DLGAP5
608,DMAC2
609,DMTN
610,DNAH10
611,DNAJB11
612,DNAJC12
613,DNAJC6
614,DNASE1L3
615,DNM3
616,DNMT1
617,DNMT3B
618,DNTT
619,DOC2B
620,DOCK1
621,DOCK5
622,DOK3
623,DPH5-DT
624,DPM1
625,DPP3
626,DPP4
627,DPPA4
628,DPY19L2
629,DPYSL2
630,DRD4
631,DSE
632,DSG2
633,DST
634,DTHD1
635,DTL
636,DUSP1
637,DUSP16
638,DUSP2
639,DUSP3
640,DUSP5
641,DUSP6
642,DUT
643,DYNC2I1
644,DYNC2I2
645,DYNLT5
646,DYTN
647,DZIP1L
648,DZIP3
649,E2F1
650,E2F2
651,E2F5
652,EAF2
653,EBF1
654,EBLN2
655,EBPL
656,EDEM1
657,EEF1A1
658,EEF1B2
659,EEF1G
660,EEF2K
661,EEIG1
662,EFHD2
663,EFNB1
664,EGF
665,EGFL7
666,EHD2
667,EIF2AK3
668,EIF3L
669,EIF3M
670,EIF4A1
671,EIF4EBP1
672,ELANE
673,ELK3
674,ELL2
675,ELOVL7
676,ELP1
677,EMB
678,EMID1
679,EMILIN2
680,EML4
681,EML6
682,EMP1
683,EMP3
684,ENDOD1
685,ENHO
686,ENKUR
687,ENO1
688,ENPP3
689,ENSG00000225885
690,ENSG00000225889
691,ENSG00000229425
692,ENSG00000230773
693,ENSG00000232628
694,ENSG00000233968
695,ENSG00000236304
696,ENSG00000240963
697,ENSG00000248991
698,ENSG00000250696
699,ENSG00000251600
700,ENSG00000254006
701,ENSG00000255240
702,ENSG00000257764
703,ENSG00000258657
704,ENSG00000261222
705,ENSG00000261253
706,ENSG00000261327
707,ENSG00000262370
708,ENSG00000267174
709,ENSG00000267279
710,ENSG00000268027
711,ENSG00000269970
712,ENSG00000270055
713,ENSG00000271857
714,ENSG00000273486
715,ENSG00000274253
716,ENSG00000274767
717,ENSG00000276241
718,ENSG00000276345
719,ENSG00000280441
720,ENSG00000283458
721,ENSG00000283633
722,ENSG00000285040
723,ENSG00000285354
724,ENSG00000285535
725,ENSG00000285906
726,ENSG00000286076
727,ENSG00000286550
728,ENSG00000287682
729,ENSG00000287958
730,ENSG00000288598
731,ENSG00000288700
732,ENSG00000288758
733,ENSG00000288806
734,ENSG00000288819
735,ENSG00000288882
736,ENSG00000288973
737,ENSG00000289130
738,ENSG00000289137
739,ENSG00000289150
740,ENSG00000289172
741,ENSG00000289176
742,ENSG00000289180
743,ENSG00000289191
744,ENSG00000289263
745,ENSG00000289278
746,ENSG00000289364
747,ENSG00000289381
748,ENSG00000289404
749,ENSG00000289536
750,ENSG00000289548
751,ENSG00000289608
752,ENSG00000289621
753,ENSG00000289963
754,ENSG00000289977
755,ENSG00000290017
756,ENSG00000290032
757,ENSG00000290036
758,ENSG00000290104
759,ENSG00000290192
760,ENSG00000290417
761,ENSG00000290427
762,ENSG00000290460
763,ENSG00000290592
764,ENSG00000290680
765,ENSG00000290833
766,ENSG00000290937
767,ENSG00000291038
768,ENSG00000291143
769,ENSG00000291228
770,ENSG00000291236
771,ENSG00000291252
772,ENSG00000291289
773,EOMES
774,EPAS1
775,EPB41L2
776,EPB41L3
777,EPDR1
778,EPHA2
779,EPHB1
780,EPPK1
781,EPS8
782,EPX
783,ERBB2
784,EREG
785,ERG
786,ERLEC1
787,ERMP1
788,ERN1
789,ERVK3-1
790,ESAM
791,ESCO2
792,ETS1
793,ETV6
794,EVI2B
795,EVL
796,EZH2
797,F13A1
798,F2R
799,F2RL3
800,FABP5
801,FADS1
802,FADS2
803,FADS3
804,FAM107B
805,FAM110A
806,FAM111B
807,FAM124B
808,FAM151B-DT
809,FAM20C
810,FAM226B
811,FAM30A
812,FAM83F
813,FAM86EP
814,FANCI
815,FAR2
816,FASLG
817,FAU
818,FAXDC2
819,FBLN2
820,FBN1
821,FBP1
822,FBXO9
823,FCER1A
824,FCER1G
825,FCER2
826,FCGR2A
827,FCGR2B
828,FCGR2C
829,FCGR3A
830,FCGR3B
831,FCGRT
832,FCMR
833,FCN1
834,FCRL1
835,FCRL2
836,FCRL3
837,FCRL5
838,FCRL6
839,FCRLA
840,FEN1
841,FERMT1
842,FES
843,FFAR2
844,FGD2
845,FGFBP2
846,FGFR2
847,FGL2
848,FGR
849,FHIP1A
850,FHIT
851,FHL1
852,FHL2
853,FIGN
854,FKBP11
855,FKBP2
856,FLNA
857,FLNB
858,FLT3
859,FLT3LG
860,FMNL1
861,FMNL2
862,FNBP1L
863,FOLR3
864,FOS
865,FOXJ1
866,FOXM1
867,FOXP3
868,FPR1
869,FPR2
870,FPR3
871,FRAT2
872,FREM1
873,FRMD3
874,FRMD4B
875,FRMD6
876,FRMPD3
877,FRY
878,FSCN1
879,FSTL1
880,FSTL3
881,FSTL4
882,FTH1
883,FTL
884,FUT11
885,FUT4
886,FUT8
887,FXYD2
888,FXYD6
889,FXYD7
890,FYB1
891,FYN
892,FZD1
893,FZD2
894,G0S2
895,GAB2
896,GABARAP
897,GADD45A
898,GAPDH
899,GAPT
900,GAS2L1
901,GAS5
902,GAS6
903,GASK1B
904,GATA1
905,GATA2
906,GATA3
907,GBE1
908,GBP2
909,GBP5
910,GCA
911,GCSAM
912,GCSAML
913,GDI2
914,GDPD5
915,GFI1B
916,GFOD1
917,GGH
918,GGTA1
919,GIHCG
920,GIMAP4
921,GIMAP5
922,GIMAP6
923,GIMAP7
924,GINS2
925,GINS4
926,GK
927,GK5
928,GLDC
929,GLIPR1
930,GLT1D1
931,GLUL
932,GMDS
933,GMFG
934,GMNN
935,GMPPB
936,GMPR
937,GNA15
938,GNAI1
939,GNAI2
940,GNAQ
941,GNAZ
942,GNB5
943,GNG10
944,GNG11
945,GNG7
946,GNLY
947,GNPDA1
948,GNPTAB
949,GOLGA8A
950,GOLGA8B
951,GOLM1
952,GP1BA
953,GP1BB
954,GP6
955,GP9
956,GPBAR1
957,GPI
958,GPM6B
959,GPR141
960,GPR15
961,GPR160
962,GPR171
963,GPR174
964,GPR183
965,GPR34
966,GPR84
967,GPRC5D
968,GPRIN3
969,GPSM1
970,GPSM3
971,GPX1
972,GPX7
973,GRAP2
974,GRB10
975,GRIK5
976,GRIP1
977,GRK3
978,GRK4
979,GRN
980,GSN
981,GSTP1
982,GTF3A
983,GTSE1
984,GUCY1A1
985,GUCY1B1
986,GUCY2D
987,GYG1
988,GYS1
989,GZMA
990,GZMB
991,GZMH
992,GZMK
993,GZMM
994,H1-0
995,H1-10
996,H1-2
997,H1-5
998,H2AC6
999,H2AX
1000,H2AZ2
1001,H2BC11
1002,H2BC12
1003,H3-3A
1004,H3-3B
1005,H3C10
1006,H4C3
1007,HACD1
1008,HADH
1009,HAPLN3
1010,HAR1A
1011,HAVCR2
1012,HBA2
1013,HBB
1014,HCAR2
1015,HCAR3
1016,HCK
1017,HCST
1018,HDAC9
1019,HDC
1020,HEATR5A
1021,HELLS
1022,HEMGN
1023,HERPUD1
1024,HES1
1025,HES4
1026,HGF
1027,HHIP-AS1
1028,HIBCH
1029,HINT1
1030,HIPK2
1031,HK3
1032,HLA-A
1033,HLA-B
1034,HLA-C
1035,HLA-DMA
1036,HLA-DMB
1037,HLA-DOA
1038,HLA-DOB
1039,HLA-DPA1
1040,HLA-DPB1
1041,HLA-DQA1
1042,HLA-DQA2
1043,HLA-DQB1
1044,HLA-DQB2
1045,HLA-DRA
1046,HLA-DRB1
1047,HLA-DRB5
1048,HLA-DRB6
1049,HLA-E
1050,HMGA1
1051,HMGA2
1052,HMGA2-AS1
1053,HMGB1
1054,HMGB2
1055,HMGB3
1056,HMGN2
1057,HMMR
1058,HMOX1
1059,HNMT
1060,HNRNPA1
1061,HNRNPA2B1
1062,HOMER2
1063,HOMER3
1064,HOPX
1065,HOXA10-AS
1066,HOXA3
1067,HOXA7
1068,HOXA9
1069,HP
1070,HP1BP3
1071,HPDL
1072,HPGD
1073,HPGDS
1074,HRH2
1075,HRH4
1076,HS2ST1
1077,HS3ST3B1
1078,HSD17B10
1079,HSD17B4
1080,HSH2D
1081,HSP90AA1
1082,HSP90B1
1083,HSPA13
1084,HSPA5
1085,HSPA6
1086,HSPA8
1087,HSPG2
1088,HTR1F
1089,HTRA3
1090,HVCN1
1091,HYOU1
1092,ICA1
1093,ICAM3
1094,ICAM4
1095,ICOSLG
1096,ID2
1097,IDH3A
1098,IER2
1099,IER5
1100,IFI30
1101,IFIT2
1102,IFIT3
1103,IFITM1
1104,IFITM2
1105,IFITM3
1106,IFNG
1107,IFNG-AS1
1108,IFNGR2
1109,IFT22
1110,IFT80
1111,IFT81
1112,IFTAP
1113,IGF2BP2
1114,IGF2R
1115,IGFBP6
1116,IGFBP7
1117,IGFLR1
1118,IGHA1
1119,IGHA2
1120,IGHV3-7
1121,IGLL1
1122,IGLL5
1123,IGSF6
1124,IKZF2
1125,IKZF3
1126,IL12A-AS1
1127,IL12RB2
1128,IL13RA1
1129,IL17RA
1130,IL18
1131,IL18R1
1132,IL18RAP
1133,IL1B
1134,IL1R2
1135,IL1RAP
1136,IL1RL1
1137,IL1RN
1138,IL2RA
1139,IL2RB
1140,IL2RG
1141,IL32
1142,IL3RA
1143,IL4
1144,IL5RA
1145,IL6R
1146,IL6ST
1147,IL7R
1148,INAFM2
1149,INHBA
1150,INKA1
1151,INKA2
1152,INPP4B
1153,INPP5A
1154,INSIG1
1155,IQGAP1
1156,IQSEC2
1157,IRAK1BP1
1158,IRAK3
1159,IRF4
1160,IRF7
1161,IRF8
1162,ISOC2
1163,ISYNA1
1164,ITFG2
1165,ITGA1
1166,ITGA2B
1167,ITGA4
1168,ITGA6
1169,ITGA9
1170,ITGAL
1171,ITGAM
1172,ITGAX
1173,ITGB1
1174,ITGB2
1175,ITGB3
1176,ITGB5
1177,ITGB7
1178,ITGB8
1179,ITK
1180,ITM2A
1181,ITM2B
1182,ITM2C
1183,ITPR3
1184,ITPRID2-DT
1185,ITPRIPL2
1186,JAK1
1187,JAK2
1188,JAML
1189,JCHAIN
1190,JUNB
1191,JUP
1192,KANSL1-AS1
1193,KAT2A
1194,KBTBD11
1195,KCNA3
1196,KCNA5
1197,KCNC3
1198,KCNE1
1199,KCNE3
1200,KCNG2
1201,KCNH2
1202,KCNJ15
1203,KCNJ2
1204,KCNK10
1205,KCNK12
1206,KCNK17
1207,KCNK5
1208,KCNK6
1209,KCNMB1
1210,KCTD12
1211,KCTD19
1212,KCTD5
1213,KDM6B
1214,KDSR
1215,KEL
1216,KIAA0087
1217,KIAA1522
1218,KIF11
1219,KIF15
1220,KIF18B
1221,KIF2A
1222,KIF2C
1223,KIF5C
1224,KIFC1
1225,KIR2DL1
1226,KIR2DS4
1227,KIR3DL1
1228,KIRREL3
1229,KIT
1230,KLF1
1231,KLF10
1232,KLF2
1233,KLF3-AS1
1234,KLF4
1235,KLF5
1236,KLF6
1237,KLHL33
1238,KLRB1
1239,KLRC1
1240,KLRC2
1241,KLRC3
1242,KLRC4
1243,KLRD1
1244,KLRF1
1245,KLRG1
1246,KLRK1
1247,KMO
1248,KNDC1
1249,KNL1
1250,KRT23
1251,KRT5
1252,L1TD1
1253,LAG3
1254,LAIR1
1255,LAIR2
1256,LAMP5
1257,LAMTOR4
1258,LAPTM4B
1259,LAPTM5
1260,LARGE1
1261,LARGE2
1262,LAT
1263,LAT2
1264,LAX1
1265,LBH
1266,LCK
1267,LCN10
1268,LCN2
1269,LCNL1
1270,LCP1
1271,LCP2
1272,LCT-AS1
1273,LDHB
1274,LDLR
1275,LDLRAP1
1276,LEF1
1277,LGALS1
1278,LGALS2
1279,LGALS3
1280,LGALS9
1281,LGALSL
1282,LGMN
1283,LILRA1
1284,LILRA2
1285,LILRA4
1286,LILRB1
1287,LILRB2
1288,LILRB3
1289,LILRB4
1290,LIMD2
1291,LIME1
1292,LIMK2
1293,LIMS1
1294,LINC00173
1295,LINC00278
1296,LINC00299
1297,LINC00671
1298,LINC00861
1299,LINC00863
1300,LINC00865
1301,LINC00869
1302,LINC00892
1303,LINC00926
1304,LINC00989
1305,LINC00996
1306,LINC01122
1307,LINC01138
1308,LINC01140
1309,LINC01226
1310,LINC01374
1311,LINC01478
1312,LINC01504
1313,LINC01506
1314,LINC01550
1315,LINC01724
1316,LINC01781
1317,LINC01857
1318,LINC01871
1319,LINC01934
1320,LINC02009
1321,LINC02223
1322,LINC02256
1323,LINC02273
1324,LINC02345
1325,LINC02356
1326,LINC02384
1327,LINC02397
1328,LINC02432
1329,LINC02446
1330,LINC02458
1331,LINC02481
1332,LINC02573
1333,LINC02805
1334,LINC02812
1335,LINC02981
1336,LINC03034
1337,LINC03052
1338,LITAF
1339,LLGL2
1340,LMAN1
1341,LMNA
1342,LMO4
1343,LPAR5
1344,LPCAT4
1345,LPL
1346,LRG1
1347,LRIG1
1348,LRP1
1349,LRRC25
1350,LRRC26
1351,LRRC34
1352,LRRC36
1353,LRRFIP1
1354,LRRK2
1355,LSM5
1356,LST1
1357,LTA4H
1358,LTB
1359,LTB4R
1360,LTBP1
1361,LTBP3
1362,LTC4S
1363,LTF
1364,LTK
1365,LUCAT1
1366,LXN
1367,LY6G6F
1368,LY86
1369,LY9
1370,LY96
1371,LYAR
1372,LYL1
1373,LYN
1374,LYNX1
1375,LYPD2
1376,LYST
1377,LYZ
1378,LZTFL1
1379,MACF1
1380,MACROH2A1
1381,MAD2L1
1382,MAF
1383,MAFB
1384,MAFG
1385,MAL
1386,MALAT1
1387,MAN2B1
1388,MANEA
1389,MANF
1390,MAP1A
1391,MAP3K7CL
1392,MAP4K1
1393,MAP7
1394,MAPK14
1395,MAPK9
1396,MAPKAPK2
1397,MAPKAPK3
1398,MARCHF1
1399,MARCHF2
1400,MARCKS
1401,MAST4
1402,MATK
1403,MAX
1404,MBOAT7
1405,MCEMP1
1406,MCF2L-AS1
1407,MCL1
1408,MCM10
1409,MCM2
1410,MCM3
1411,MCM4
1412,MCM5
1413,MCM6
1414,MCM7
1415,MCUR1
1416,MDK
1417,MED12L
1418,MED15
1419,MED27
1420,MEFV
1421,MEIS1
1422,MELK
1423,MERTK
1424,MEST
1425,METTL7A
1426,MEX3B
1427,MFAP3L
1428,MGAM
1429,MGLL
1430,MGST1
1431,MGST2
1432,MIAT
1433,MICAL3
1434,MINPP1
1435,MIR223HG
1436,MIR4432HG
1437,MIR4435-2HG
1438,MIR9-3HG
1439,MITF
1440,MKI67
1441,MLC1
1442,MLH3
1443,MLLT6
1444,MMD
1445,MME
1446,MMP15
1447,MMP23B
1448,MMP25
1449,MMP8
1450,MMP9
1451,MMRN1
1452,MN1
1453,MND1
1454,MNDA
1455,MOB1B
1456,MPEG1
1457,MPHOSPH10P1
1458,MPIG6B
1459,MPL
1460,MPO
1461,MPP1
1462,MPRIP
1463,MRAS
1464,MROCKI
1465,MRPL14
1466,MRPL24
1467,MRPS2
1468,MS4A1
1469,MS4A2
1470,MS4A3
1471,MS4A4A
1472,MS4A4E
1473,MS4A6A
1474,MS4A7
1475,MSI2
1476,MSN
1477,MSR1
1478,MSRA
1479,MSRB1
1480,MSRB3
1481,MT-ATP6
1482,MT-CO1
1483,MT-CO2
1484,MT-CO3
1485,MT-CYB
1486,MT-ND1
1487,MT-ND2
1488,MT-ND3
1489,MT-ND4
1490,MT-ND4L
1491,MT-ND5
1492,MT2A
1493,MTMR11
1494,MTPAP
1495,MTPN
1496,MTSS1
1497,MTURN
1498,MUC12-AS1
1499,MUTYH
1500,MXD1
1501,MYB
1502,MYBL1
1503,MYBL2
1504,MYC
1505,MYCL
1506,MYCN
1507,MYCT1
1508,MYDGF
1509,MYH10
1510,MYH9
1511,MYL12A
1512,MYL12B
1513,MYL4
1514,MYL6
1515,MYL6B
1516,MYL9
1517,MYLK
1518,MYO15B
1519,MYO1D
1520,MYO1E
1521,MYO1F
1522,MYOF
1523,MYOM2
1524,MZB1
1525,MZT2B
1526,NABP1
1527,NACA
1528,NADK
1529,NAGA
1530,NAMPT
1531,NAP1L1
1532,NAPSB
1533,NAT8B
1534,NAV1
1535,NCAM1
1536,NCAPG
1537,NCAPG2
1538,NCAPH
1539,NCF1
1540,NCF1B
1541,NCF2
1542,NCF4
1543,NCK2
1544,NCOA7
1545,NCR1
1546,NCR2
1547,NCR3
1548,NDN
1549,NDRG2
1550,NDUFB11
1551,NDUFB9
1552,NEAT1
1553,NEGR1
1554,NELL2
1555,NEURL1
1556,NEXN
1557,NFAM1
1558,NFE2
1559,NFIL3
1560,NFS1
1561,NIBAN1
1562,NIBAN2
1563,NIBAN3
1564,NIF3L1
1565,NIPSNAP2
1566,NKAIN2
1567,NKG7
1568,NLK
1569,NLRC5
1570,NLRP7
1571,NME2
1572,NMNAT3
1573,NMUR1
1574,NOL9
1575,NOP53
1576,NOPCHAP1
1577,NORAD
1578,NOSIP
1579,NOTCH4
1580,NPC2
1581,NPDC1
1582,NPM1
1583,NPR3
1584,NPTX2
1585,NPW
1586,NR1D1
1587,NR1D2
1588,NR3C2
1589,NR4A1
1590,NREP
1591,NRG1
1592,NRGN
1593,NRIP1
1594,NRP1
1595,NSMCE3
1596,NSUN5P2
1597,NT5C
1598,NT5C3A
1599,NT5DC2
1600,NT5M
1601,NTNG2
1602,NTRK1
1603,NUCB2
1604,NUCKS1
1605,NUDT19-DT
1606,NUDT2
1607,NUF2
1608,NUP210
1609,NUSAP1
1610,NUTM2B-AS1
1611,NYNRIN
1612,OAF
1613,OAS1
1614,OAZ1
1615,OBSL1
1616,OCIAD2
1617,ODC1
1618,ODF2L
1619,ODF3B
1620,OGFOD1
1621,OGFRL1
1622,OLA1
1623,OLFM2
1624,OLFM4
1625,OLIG1
1626,OLR1
1627,OPN3
1628,OPTN
1629,ORC6
1630,ORM1
1631,ORM2
1632,ORMDL3
1633,OSBPL10
1634,OSBPL1A
1635,OSBPL5
1636,OSCAR
1637,OSM
1638,OST4
1639,OSTC
1640,OVCH1-AS1
1641,OXER1
1642,OXNAD1
1643,P2RX1
1644,P2RX5
1645,P2RY12
1646,P2RY13
1647,P2RY6
1648,P2RY8
1649,P3H2
1650,PABPC1
1651,PACSIN1
1652,PADI4
1653,PAG1
1654,PALLD
1655,PALM2AKAP2
1656,PAPLN
1657,PAPLN-AS1
1658,PAPSS1
1659,PAPSS2
1660,PAQR4
1661,PARD3
1662,PARG
1663,PARM1
1664,PARP15
1665,PARVB
1666,PATL2
1667,PAWR
1668,PAX5
1669,PAXX
1670,PBX1
1671,PBX4
1672,PBXIP1
1673,PCBD2
1674,PCBP1
1675,PCDH9
1676,PCDHGC3
1677,PCED1B
1678,PCED1B-AS1
1679,PCLAF
1680,PCNA
1681,PCOLCE2
1682,PCSK1N
1683,PDCD4
1684,PDE4D
1685,PDE5A
1686,PDGFA
1687,PDGFA-DT
1688,PDGFD
1689,PDIA4
1690,PDIA6
1691,PDLIM1
1692,PDLIM5
1693,PDLIM7
1694,PDRG1
1695,PDXK
1696,PDZK1IP1
1697,PEA15
1698,PEAR1
1699,PECAM1
1700,PELATON
1701,PELI1
1702,PERP
1703,PEX1
1704,PF4
1705,PF4V1
1706,PFKFB2
1707,PFN1
1708,PGAP4
1709,PGD
1710,PGLYRP1
1711,PGRMC1
1712,PHACTR1
1713,PHACTR2
1714,PHC1
1715,PHETA1
1716,PHEX
1717,PHOSPHO1
1718,PI3
1719,PI4K2B
1720,PID1
1721,PIK3AP1
1722,PIK3IP1
1723,PIK3R1
1724,PIK3R6
1725,PILRA
1726,PIM1
1727,PIWIL4
1728,PKIB
1729,PKIG
1730,PKM
1731,PKMYT1
1732,PLA2G12A
1733,PLA2G4B
1734,PLA2G6
1735,PLA2G7
1736,PLAAT2
1737,PLAAT4
1738,PLAC8
1739,PLAGL2
1740,PLBD1
1741,PLCB4
1742,PLCG1
1743,PLCG2
1744,PLCXD1
1745,PLD1
1746,PLD3
1747,PLD4
1748,PLEK
1749,PLEKHA5
1750,PLEKHD1
1751,PLEKHF1
1752,PLEKHG1
1753,PLIN2
1754,PLOD2
1755,PLP2
1756,PLPP5
1757,PLVAP
1758,PLXDC1
1759,PLXNA4
1760,PLXNB2
1761,PLXNC1
1762,PLXND1
1763,PMEPA1
1764,PMM2
1765,PNMT
1766,PNOC
1767,PNP
1768,PNPLA1
1769,PNPLA6
1770,PNRC1
1771,POLE
1772,POLQ
1773,POLR2J2
1774,POLR2M
1775,PON2
1776,POU2AF1
1777,POU2F2
1778,PPBP
1779,PPDPF
1780,PPIA
1781,PPIB
1782,PPIL6
1783,PPM1H
1784,PPM1J
1785,PPM1L
1786,PPM1N
1787,PPME1
1788,PPP1R14A
1789,PPP1R14B
1790,PPP1R14B-AS1
1791,PPP1R17
1792,PPP1R3B
1793,PPP4R3A
1794,PRAM1
1795,PRC1
1796,PRCP
1797,PRDM1
1798,PRDX4
1799,PRF1
1800,PRG2
1801,PRKACB
1802,PRKAR1B
1803,PRKAR2B
1804,PRKCA
1805,PRKCH
1806,PRKCQ-AS1
1807,PRKG2
1808,PRKX
1809,PRNP
1810,PROB1
1811,PROC
1812,PROK2
1813,PROM1
1814,PROS1
1815,PRR5
1816,PRRT4
1817,PRSS2
1818,PRSS23
1819,PRSS30P
1820,PRSS57
1821,PRTN3
1822,PRXL2A
1823,PSAP
1824,PSAT1
1825,PSMD7
1826,PSTPIP2
1827,PTAFR
1828,PTCRA
1829,PTGDR
1830,PTGDR2
1831,PTGDS
1832,PTGER3
1833,PTGIR
1834,PTGS1
1835,PTGS2
1836,PTK2
1837,PTK7
1838,PTMA
1839,PTMS
1840,PTPN7
1841,PTPRC
1842,PTPRM
1843,PTPRN2-AS1
1844,PTPRS
1845,PTTG1
1846,PTX3
1847,PVALB
1848,PVRIG
1849,PXN
1850,PYCARD
1851,PYCR1
1852,PYGL
1853,PYHIN1
1854,QRSL1
1855,R3HCC1
1856,R3HDM4
1857,RAB11FIP1
1858,RAB11FIP5
1859,RAB13
1860,RAB27A
1861,RAB27B
1862,RAB30
1863,RAB31
1864,RAB32
1865,RAB34
1866,RAB44
1867,RAC2
1868,RACK1
1869,RAD51
1870,RAD51AP1
1871,RALGPS2
1872,RAN
1873,RASAL3
1874,RASD1
1875,RASGRP3
1876,RASGRP4
1877,RASSF2
1878,RASSF4
1879,RASSF8
1880,RBBP8
1881,RBL2
1882,RBP7
1883,RBPMS
1884,RCAN3
1885,RECQL4
1886,RESF1
1887,RETN
1888,REXO5
1889,RFLNB
1890,RGCC
1891,RGL4
1892,RGS1
1893,RGS10
1894,RGS12
1895,RGS18
1896,RGS2
1897,RGS6
1898,RGS9
1899,RHEX
1900,RHOA
1901,RHOB
1902,RHOBTB1
1903,RHOC
1904,RHOG
1905,RHOH
1906,RHOU
1907,RHOXF1P1
1908,RIN1
1909,RIN2
1910,RINT1
1911,RIPOR3
1912,RNASE2
1913,RNASE3
1914,RNASE4
1915,RNASE6
1916,RNASEK
1917,RNASET2
1918,RNF103
1919,RNF11
1920,RNF130
1921,RNF149
1922,RNF24
1923,RNH1
1924,ROBO3
1925,ROGDI
1926,RORA
1927,RORC
1928,RPH3A
1929,RPL10
1930,RPL10A
1931,RPL11
1932,RPL12
1933,RPL13
1934,RPL13A
1935,RPL14
1936,RPL15
1937,RPL17
1938,RPL18
1939,RPL18A
1940,RPL19
1941,RPL21
1942,RPL22
1943,RPL23
1944,RPL23A
1945,RPL24
1946,RPL26
1947,RPL27
1948,RPL27A
1949,RPL28
1950,RPL3
1951,RPL30
1952,RPL31
1953,RPL32
1954,RPL34
1955,RPL35
1956,RPL35A
1957,RPL36
1958,RPL36A
1959,RPL37
1960,RPL39
1961,RPL4
1962,RPL41
1963,RPL5
1964,RPL7
1965,RPL7A
1966,RPL8
1967,RPL9
1968,RPLP0
1969,RPLP1
1970,RPLP2
1971,RPS10
1972,RPS11
1973,RPS12
1974,RPS13
1975,RPS14
1976,RPS15
1977,RPS15A
1978,RPS16
1979,RPS17
1980,RPS18
1981,RPS19
1982,RPS2
1983,RPS20
1984,RPS21
1985,RPS23
1986,RPS24
1987,RPS25
1988,RPS26
1989,RPS27
1990,RPS27A
1991,RPS28
1992,RPS29
1993,RPS3
1994,RPS3A
1995,RPS4X
1996,RPS4Y1
1997,RPS5
1998,RPS6
1999,RPS6KA4
2000,RPS6KC1
2001,RPS8
2002,RPSA
2003,RRAS
2004,RRM2
2005,RRS1
2006,RSAD2
2007,RSU1
2008,RTKN2
2009,RTN1
2010,RTN3
2011,RTN4R
2012,RUFY1
2013,RUFY3
2014,RUNX1
2015,RUNX2
2016,RUNX3
2017,RUSC2
2018,RYR1
2019,RYR3
2020,S100A10
2021,S100A11
2022,S100A12
2023,S100A4
2024,S100A6
2025,S100A8
2026,S100A9
2027,S100P
2028,S1PR1
2029,S1PR3
2030,S1PR5
2031,SAMD3
2032,SAMD4A
2033,SAMHD1
2034,SAMSN1
2035,SAT1
2036,SATB1
2037,SBK1
2038,SCAMP5
2039,SCARA5
2040,SCARB1
2041,SCART1
2042,SCCPDH
2043,SCD
2044,SCGB3A2
2045,SCHIP1
2046,SCIMP
2047,SCN3A
2048,SCN9A
2049,SCPEP1
2050,SCRN1
2051,SCT
2052,SDCBP
2053,SDF2L1
2054,SEC11C
2055,SEC14L1
2056,SEC14L5
2057,SEC22A
2058,SEC61B
2059,SECTM1
2060,SEL1L3
2061,SELL
2062,SELP
2063,SELPLG
2064,SEMA3C
2065,SEMA4A
2066,SEMA7A
2067,SEPTIN1
2068,SEPTIN5
2069,SEPTIN6
2070,SERPINA1
2071,SERPINB1
2072,SERPINB10
2073,SERPINB9P1
2074,SERPINE2
2075,SERPINF1
2076,SERPINF2
2077,SESN1
2078,SESN3
2079,SET
2080,SEZ6L
2081,SF3B1
2082,SFT2D2
2083,SFXN1
2084,SGK1
2085,SGMS2
2086,SGO1
2087,SGPP1
2088,SH2D1A
2089,SH2D1B
2090,SH2D2A
2091,SH3BGRL2
2092,SH3BGRL3
2093,SH3BP4
2094,SH3D21
2095,SH3TC1
2096,SH3TC2
2097,SHANK3
2098,SHCBP1
2099,SHD
2100,SHROOM1
2101,SHTN1
2102,SIDT2
2103,SIGLEC1
2104,SIGLEC10
2105,SIGLEC6
2106,SIGLEC8
2107,SIGLEC9
2108,SIRPA
2109,SIRPB1
2110,SIRPB2
2111,SIRPG
2112,SIT1
2113,SKAP1
2114,SLAMF1
2115,SLAMF6
2116,SLAMF7
2117,SLAMF8
2118,SLBP
2119,SLC10A3
2120,SLC11A1
2121,SLC12A3
2122,SLC17A9
2123,SLC18A2
2124,SLC18A2-AS1
2125,SLC1A4
2126,SLC1A5
2127,SLC22A15
2128,SLC24A3
2129,SLC25A27
2130,SLC25A30
2131,SLC25A37
2132,SLC25A4
2133,SLC25A5
2134,SLC25A6
2135,SLC27A2
2136,SLC28A3
2137,SLC29A1
2138,SLC2A10
2139,SLC2A5
2140,SLC2A6
2141,SLC2A9
2142,SLC35F1
2143,SLC35F3
2144,SLC36A4
2145,SLC38A1
2146,SLC39A13-AS1
2147,SLC39A3
2148,SLC40A1
2149,SLC41A2
2150,SLC44A1
2151,SLC45A3
2152,SLC46A2
2153,SLC4A10
2154,SLC4A3
2155,SLC6A4
2156,SLC7A11
2157,SLC7A5
2158,SLC7A6
2159,SLC7A7
2160,SLC8A3
2161,SLC9A7
2162,SLFN12L
2163,SLFN13
2164,SLFN14
2165,SLFN5
2166,SLPI
2167,SLX9
2168,SMAD3
2169,SMANTIS
2170,SMAP2
2171,SMARCD3
2172,SMCHD1
2173,SMIM10
2174,SMIM24
2175,SMIM3
2176,SMIM5
2177,SMOC1
2178,SMOX
2179,SMPD3
2180,SMPDL3A
2181,SNAPC4
2182,SNAPC5
2183,SNCA
2184,SND1
2185,SNHG11
2186,SNHG29
2187,SNHG31
2188,SNHG7
2189,SNN
2190,SNRNP25
2191,SNRPD2
2192,SNX10-AS1
2193,SNX22
2194,SOCS1
2195,SOCS2
2196,SOD1
2197,SOD2
2198,SON
2199,SORCS2
2200,SORD
2201,SORL1
2202,SORT1
2203,SOX12
2204,SOX4
2205,SOX5
2206,SPAG5
2207,SPARC
2208,SPATS2
2209,SPATS2L
2210,SPC24
2211,SPC25
2212,SPCS1
2213,SPCS2
2214,SPECC1
2215,SPEG
2216,SPI1
2217,SPIB
2218,SPIN1
2219,SPINK2
2220,SPINT2
2221,SPN
2222,SPNS2
2223,SPNS3
2224,SPOCD1
2225,SPOCK2
2226,SPON1
2227,SPON2
2228,SPRED1
2229,SPSB2
2230,SPTA1
2231,SPTB
2232,SPTBN2
2233,SRC
2234,SRGAP3
2235,SRGN
2236,SSPN
2237,SSR3
2238,SSR4
2239,SSX2IP
2240,ST14
2241,ST6GALNAC4
2242,ST8SIA1
2243,ST8SIA6
2244,STAB1
2245,STAC3
2246,STAM
2247,STAP1
2248,STARD8
2249,STAT3
2250,STAT5A
2251,STBD1
2252,STEAP4
2253,STK32B
2254,STMN1
2255,STMN3
2256,STMP1
2257,STN1
2258,STOM
2259,STON2
2260,STOX2
2261,STRBP
2262,STT3A
2263,STX18-AS1
2264,STX3
2265,STXBP2
2266,STXBP5
2267,STXBP6
2268,SUB1
2269,SULF2
2270,SUN2
2271,SUSD3
2272,SVOPL
2273,SWAP70
2274,SYK
2275,SYNE1
2276,SYNE2
2277,SYNGR1
2278,SYNPO
2279,SYT17
2280,SYTL2
2281,SYTL3
2282,TACSTD2
2283,TAF4
2284,TAFA2
2285,TAGLN
2286,TAGLN2
2287,TAL1
2288,TALDO1
2289,TAMALIN
2290,TARBP1
2291,TARP
2292,TARS3
2293,TBC1D2
2294,TBC1D4
2295,TBC1D8
2296,TBC1D9
2297,TBX21
2298,TC2N
2299,TCF19
2300,TCF4
2301,TCF7
2302,TCF7L2
2303,TCL1A
2304,TCN1
2305,TDRP
2306,TEC
2307,TECPR2
2308,TENT5A
2309,TENT5C
2310,TESC
2311,TESMIN
2312,TESPA1
2313,TEX30
2314,TFDP2
2315,TFEC
2316,TFF3
2317,TFPI
2318,TFPT
2319,TFR2
2320,TFRC
2321,TGFB1
2322,TGFBI
2323,TGFBR1
2324,TGFBR2
2325,TGFBR3
2326,THBS1
2327,THEM4
2328,THEMIS
2329,THEMIS2
2330,THSD7A
2331,THYN1
2332,TIE1
2333,TIFAB
2334,TIGIT
2335,TIMP1
2336,TIMP3
2337,TK1
2338,TKT
2339,TKTL1
2340,TLCD5
2341,TLE5
2342,TLK1
2343,TLN1
2344,TLR1
2345,TLR10
2346,TLR3
2347,TLR4
2348,TLR7
2349,TLR8
2350,TLR9
2351,TMC8
2352,TMEM109
2353,TMEM131
2354,TMEM14C
2355,TMEM150B
2356,TMEM154
2357,TMEM156
2358,TMEM158
2359,TMEM164
2360,TMEM170B
2361,TMEM171
2362,TMEM176A
2363,TMEM176B
2364,TMEM204
2365,TMEM273
2366,TMEM30B
2367,TMEM38A
2368,TMEM40
2369,TMEM63A
2370,TMEM63C
2371,TMEM79
2372,TMEM8B
2373,TMEM98
2374,TMSB10
2375,TMSB4X
2376,TMTC1
2377,TNFAIP2
2378,TNFAIP3
2379,TNFAIP6
2380,TNFRSF10A-DT
2381,TNFRSF10C
2382,TNFRSF13B
2383,TNFRSF13C
2384,TNFRSF17
2385,TNFRSF18
2386,TNFRSF1B
2387,TNFRSF21
2388,TNFRSF25
2389,TNFRSF4
2390,TNFRSF8
2391,TNFSF10
2392,TNFSF13
2393,TNFSF13B
2394,TNFSF4
2395,TNNC2
2396,TNNI2
2397,TNNT3
2398,TNS3
2399,TOP2A
2400,TOX
2401,TP53INP1
2402,TPI1
2403,TPM1
2404,TPM2
2405,TPM3
2406,TPM4
2407,TPPP3
2408,TPSAB1
2409,TPSB2
2410,TPSD1
2411,TPT1
2412,TPX2
2413,TRABD2A
2414,TRAF1
2415,TRAF3IP3
2416,TRAF4
2417,TRAF5
2418,TRAM2
2419,TRAPPC3L
2420,TRAT1
2421,TRAV1-2
2422,TRAV24
2423,TRBV11-2
2424,TRBV28
2425,TRD-AS1
2426,TRDC
2427,TRDV2
2428,TREM1
2429,TREML1
2430,TRG-AS1
2431,TRGC1
2432,TRGC2
2433,TRGV9
2434,TRIB2
2435,TRIM47
2436,TRIM58
2437,TRO
2438,TROAP
2439,TRPM2
2440,TRPM6
2441,TSC22D1
2442,TSC22D3
2443,TSEN54
2444,TSPAN13
2445,TSPAN3
2446,TSPAN33
2447,TSPAN4
2448,TSPAN9
2449,TSPO
2450,TSPOAP1
2451,TTC16
2452,TTC24
2453,TTC38
2454,TTC39A
2455,TTC5
2456,TTC7A
2457,TTLL1
2458,TTLL7
2459,TTN-AS1
2460,TTTY14
2461,TTYH2
2462,TTYH3
2463,TUBA1A
2464,TUBA1B
2465,TUBA1C
2466,TUBA4A
2467,TUBA8
2468,TUBB
2469,TUBB1
2470,TUBB6
2471,TUBD1
2472,TXK
2473,TXN
2474,TXNDC11
2475,TXNDC5
2476,TXNIP
2477,TYMP
2478,TYMS
2479,TYROBP
2480,UAP1L1
2481,UBA52
2482,UBASH3A
2483,UBB
2484,UBC
2485,UBE2C
2486,UBE2J1
2487,UBE2S
2488,UBE2T
2489,UBR7
2490,UBXN11
2491,UCA1
2492,UGCG
2493,UHRF1
2494,UICLM
2495,UNC93B1
2496,UPK3A
2497,UQCC5
2498,UQCRB
2499,USP15
2500,USP48
2501,USP49
2502,USP6NL
2503,UTP20
2504,UTP4
2505,VAMP8
2506,VASH1
2507,VASP
2508,VAT1
2509,VCAN
2510,VCL
2511,VEGFB
2512,VIL1
2513,VIM
2514,VMO1
2515,VMP1
2516,VNN1
2517,VNN2
2518,VPREB1
2519,VPREB3
2520,VSIR
2521,VSTM1
2522,WARS1
2523,WAS
2524,WDCP
2525,WDFY4
2526,WDHD1
2527,WDR11-DT
2528,WDR70
2529,WIPF1
2530,WIPI1
2531,WNT10A
2532,XBP1
2533,XCL1
2534,XCL2
2535,XIST
2536,XPO6
2537,YBX1
2538,YBX3
2539,YPEL1
2540,YPEL3
2541,YWHAE
2542,YWHAH
2543,YWHAQ
2544,ZAP70
2545,ZBED3
2546,ZBTB16
2547,ZBTB38
2548,ZBTB7B
2549,ZBTB8A
2550,ZC2HC1A
2551,ZC3HAV1L
2552,ZDBF2
2553,ZDHHC18
2554,ZFAS1
2555,ZFAT
2556,ZFHX3
2557,ZFP36
2558,ZFP36L1
2559,ZFP36L2
2560,ZMYND15
2561,ZNF135
2562,ZNF185
2563,ZNF266
2564,ZNF334
2565,ZNF366
2566,ZNF367
2567,ZNF385A
2568,ZNF385D
2569,ZNF469
2570,ZNF503
2571,ZNF521
2572,ZNF600
2573,ZNF683
2574,ZNF69
2575,ZNF703
2576,ZNF704
2577,ZNF708
2578,ZNF711
2579,ZNF831
2580,ZNF836
2581,ZNRF1
2582,ZWINT
2583,ZYX
